orig,cvac,bntc,mdna
AUG,AUG,AUG,AUG
UUU,UUC,UUC,UUC
GUU,GUG,GUG,GUG
UUU,UUC,UUC,UUC
CUU,CUG,CUG,CUG
GUU,GUC,GUG,GUG
UUA,CUC,CUG,CUG
UUG,CUG,CUG,CUG
CCA,CCC,CCU,CCC
CUA,CUG,CUG,CUG
GUC,GUG,GUG,GUG
UCU,AGC,UCC,AGC
AGU,UCC,AGC,AGC
CAG,CAG,CAG,CAG
UGU,UGC,UGU,UGC
GUU,GUG,GUG,GUG
AAU,AAC,AAC,AAC
CUU,CUC,CUG,CUG
ACA,ACC,ACC,ACC
ACC,ACC,ACC,ACC
AGA,CGC,AGA,CGG
ACU,ACG,ACA,ACC
CAA,CAG,CAG,CAG
UUA,CUG,CUG,CUG
CCC,CCG,CCU,CCA
CCU,CCC,CCA,CCA
GCA,GCC,GCC,GCC
UAC,UAC,UAC,UAC
ACU,ACC,ACC,ACC
AAU,AAC,AAC,AAC
UCU,AGC,AGC,AGC
UUC,UUC,UUU,UUC
ACA,ACC,ACC,ACC
CGU,CGG,AGA,CGG
GGU,GGC,GGC,GGC
GUU,GUC,GUG,GUC
UAU,UAC,UAC,UAC
UAC,UAC,UAC,UAC
CCU,CCC,CCC,CCC
GAC,GAC,GAC,GAC
AAA,AAG,AAG,AAG
GUU,GUG,GUG,GUG
UUC,UUC,UUC,UUC
AGA,CGC,AGA,CGG
UCC,UCC,UCC,AGC
UCA,AGC,AGC,AGC
GUU,GUG,GUG,GUC
UUA,CUG,CUG,CUG
CAU,CAC,CAC,CAC
UCA,UCC,UCU,AGC
ACU,ACC,ACC,ACC
CAG,CAG,CAG,CAG
GAC,GAC,GAC,GAC
UUG,CUC,CUG,CUG
UUC,UUC,UUC,UUC
UUA,CUG,CUG,CUG
CCU,CCC,CCU,CCC
UUC,UUC,UUC,UUC
UUU,UUC,UUC,UUC
UCC,AGC,AGC,AGC
AAU,AAC,AAC,AAC
GUU,GUC,GUG,GUG
ACU,ACG,ACC,ACC
UGG,UGG,UGG,UGG
UUC,UUC,UUC,UUC
CAU,CAC,CAC,CAC
GCU,GCC,GCC,GCC
AUA,AUC,AUC,AUC
CAU,CAC,CAC,CAC
GUC,GUG,GUG,GUG
UCU,UCC,UCC,AGC
GGG,GGG,GGC,GGC
ACC,ACC,ACC,ACC
AAU,AAC,AAU,AAC
GGU,GGC,GGC,GGC
ACU,ACC,ACC,ACC
AAG,AAG,AAG,AAG
AGG,CGG,AGA,CGG
UUU,UUC,UUC,UUC
GAU,GAC,GAC,GAC
AAC,AAC,AAC,AAC
CCU,CCG,CCC,CCC
GUC,GUG,GUG,GUG
CUA,CUG,CUG,CUG
CCA,CCC,CCC,CCC
UUU,UUC,UUC,UUC
AAU,AAC,AAC,AAC
GAU,GAC,GAC,GAC
GGU,GGG,GGG,GGC
GUU,GUC,GUG,GUG
UAU,UAC,UAC,UAC
UUU,UUC,UUU,UUC
GCU,GCG,GCC,GCC
UCC,AGC,AGC,AGC
ACU,ACC,ACC,ACC
GAG,GAG,GAG,GAG
AAG,AAG,AAG,AAG
UCU,UCC,UCC,AGC
AAC,AAC,AAC,AAC
AUA,AUC,AUC,AUC
AUA,AUC,AUC,AUC
AGA,CGC,AGA,CGG
GGC,GGC,GGC,GGC
UGG,UGG,UGG,UGG
AUU,AUC,AUC,AUC
UUU,UUC,UUC,UUC
GGU,GGG,GGC,GGC
ACU,ACG,ACC,ACC
ACU,ACC,ACA,ACC
UUA,CUC,CUG,CUG
GAU,GAC,GAC,GAC
UCG,AGC,AGC,AGC
AAG,AAG,AAG,AAG
ACC,ACC,ACC,ACC
CAG,CAG,CAG,CAG
UCC,UCC,AGC,AGC
CUA,CUG,CUG,CUG
CUU,CUG,CUG,CUG
AUU,AUC,AUC,AUC
GUU,GUG,GUG,GUG
AAU,AAC,AAC,AAU
AAC,AAC,AAC,AAC
GCU,GCC,GCC,GCC
ACU,ACC,ACC,ACC
AAU,AAC,AAC,AAC
GUU,GUG,GUG,GUG
GUU,GUC,GUC,GUG
AUU,AUC,AUC,AUC
AAA,AAG,AAA,AAG
GUC,GUG,GUG,GUG
UGU,UGC,UGC,UGC
GAA,GAG,GAG,GAG
UUU,UUC,UUC,UUC
CAA,CAG,CAG,CAG
UUU,UUC,UUC,UUC
UGU,UGC,UGC,UGC
AAU,AAC,AAC,AAC
GAU,GAC,GAC,GAC
CCA,CCC,CCC,CCC
UUU,UUC,UUC,UUC
UUG,CUC,CUG,CUG
GGU,GGC,GGC,GGC
GUU,GUG,GUC,GUG
UAU,UAC,UAC,UAC
UAC,UAC,UAC,UAC
CAC,CAC,CAC,CAC
AAA,AAG,AAG,AAG
AAC,AAC,AAC,AAC
AAC,AAC,AAC,AAC
AAA,AAG,AAG,AAG
AGU,AGC,AGC,AGC
UGG,UGG,UGG,UGG
AUG,AUG,AUG,AUG
GAA,GAG,GAA,GAG
AGU,UCC,AGC,AGC
GAG,GAG,GAG,GAG
UUC,UUC,UUC,UUC
AGA,CGG,CGG,CGG
GUU,GUC,GUG,GUG
UAU,UAC,UAC,UAC
UCU,AGC,AGC,AGC
AGU,UCC,AGC,AGC
GCG,GCC,GCC,GCC
AAU,AAC,AAC,AAC
AAU,AAC,AAC,AAC
UGC,UGC,UGC,UGC
ACU,ACG,ACC,ACC
UUU,UUC,UUC,UUC
GAA,GAG,GAG,GAG
UAU,UAC,UAC,UAC
GUC,GUG,GUG,GUG
UCU,AGC,UCC,AGC
CAG,CAG,CAG,CAG
CCU,CCC,CCU,CCC
UUU,UUC,UUC,UUC
CUU,CUG,CUG,CUG
AUG,AUG,AUG,AUG
GAC,GAC,GAC,GAC
CUU,CUG,CUG,CUG
GAA,GAG,GAA,GAG
GGA,GGC,GGC,GGC
AAA,AAG,AAG,AAG
CAG,CAG,CAG,CAG
GGU,GGG,GGC,GGC
AAU,AAC,AAC,AAC
UUC,UUC,UUC,UUC
AAA,AAG,AAG,AAG
AAU,AAC,AAC,AAC
CUU,CUC,CUG,CUG
AGG,CGC,CGC,CGG
GAA,GAG,GAG,GAG
UUU,UUC,UUC,UUC
GUG,GUG,GUG,GUG
UUU,UUC,UUU,UUC
AAG,AAG,AAG,AAG
AAU,AAC,AAC,AAC
AUU,AUC,AUC,AUC
GAU,GAC,GAC,GAC
GGU,GGC,GGC,GGC
UAU,UAC,UAC,UAC
UUU,UUC,UUC,UUC
AAA,AAG,AAG,AAG
AUA,AUC,AUC,AUC
UAU,UAC,UAC,UAC
UCU,UCC,AGC,AGC
AAG,AAG,AAG,AAG
CAC,CAC,CAC,CAC
ACG,ACC,ACC,ACC
CCU,CCG,CCU,CCA
AUU,AUC,AUC,AUC
AAU,AAC,AAC,AAC
UUA,CUG,CUC,CUG
GUG,GUC,GUG,GUG
CGU,CGG,CGG,CGG
GAU,GAC,GAU,GAU
CUC,CUG,CUG,CUG
CCU,CCC,CCU,CCC
CAG,CAG,CAG,CAG
GGU,GGG,GGC,GGC
UUU,UUC,UUC,UUC
UCG,AGC,UCU,UCA
GCU,GCC,GCU,GCC
UUA,CUC,CUG,CUG
GAA,GAG,GAA,GAG
CCA,CCC,CCC,CCC
UUG,CUG,CUG,CUG
GUA,GUG,GUG,GUG
GAU,GAC,GAU,GAC
UUG,CUG,CUG,CUG
CCA,CCC,CCC,CCC
AUA,AUC,AUC,AUC
GGU,GGC,GGC,GGC
AUU,AUC,AUC,AUC
AAC,AAC,AAC,AAC
AUC,AUC,AUC,AUC
ACU,ACC,ACC,ACC
AGG,CGC,CGG,CGG
UUU,UUC,UUU,UUC
CAA,CAG,CAG,CAG
ACU,ACC,ACA,ACC
UUA,CUC,CUG,CUG
CUU,CUG,CUG,CUG
GCU,GCC,GCC,GCC
UUA,CUG,CUG,CUG
CAU,CAC,CAC,CAC
AGA,CGG,AGA,CGG
AGU,UCC,AGC,AGC
UAU,UAC,UAC,UAC
UUG,CUC,CUG,CUG
ACU,ACG,ACA,ACC
CCU,CCG,CCU,CCA
GGU,GGG,GGC,GGC
GAU,GAC,GAU,GAC
UCU,AGC,AGC,AGC
UCU,AGC,AGC,AGC
UCA,UCC,AGC,AGC
GGU,GGC,GGA,GGG
UGG,UGG,UGG,UGG
ACA,ACC,ACA,ACA
GCU,GCG,GCU,GCA
GGU,GGC,GGU,GGC
GCU,GCC,GCC,GCG
GCA,GCC,GCC,GCU
GCU,GCC,GCU,GCU
UAU,UAC,UAC,UAC
UAU,UAC,UAU,UAC
GUG,GUG,GUG,GUG
GGU,GGG,GGC,GGC
UAU,UAC,UAC,UAC
CUU,CUG,CUG,CUG
CAA,CAG,CAG,CAG
CCU,CCC,CCU,CCC
AGG,CGC,AGA,CGG
ACU,ACC,ACC,ACC
UUU,UUC,UUC,UUC
CUA,CUG,CUG,CUG
UUA,CUC,CUG,CUG
AAA,AAG,AAG,AAG
UAU,UAC,UAC,UAC
AAU,AAC,AAC,AAC
GAA,GAG,GAG,GAG
AAU,AAC,AAC,AAC
GGA,GGC,GGC,GGC
ACC,ACC,ACC,ACC
AUU,AUC,AUC,AUC
ACA,ACG,ACC,ACC
GAU,GAC,GAC,GAC
GCU,GCG,GCC,GCC
GUA,GUC,GUG,GUG
GAC,GAC,GAU,GAC
UGU,UGC,UGU,UGC
GCA,GCC,GCU,GCC
CUU,CUG,CUG,CUG
GAC,GAC,GAU,GAC
CCU,CCC,CCU,CCU
CUC,CUG,CUG,CUG
UCA,AGC,AGC,AGC
GAA,GAG,GAG,GAG
ACA,ACC,ACA,ACC
AAG,AAG,AAG,AAG
UGU,UGC,UGC,UGC
ACG,ACC,ACC,ACC
UUG,CUC,CUG,CUG
AAA,AAG,AAG,AAG
UCC,UCC,UCC,AGC
UUC,UUC,UUC,UUC
ACU,ACC,ACC,ACC
GUA,GUG,GUG,GUG
GAA,GAG,GAA,GAG
AAA,AAG,AAG,AAG
GGA,GGG,GGC,GGC
AUC,AUC,AUC,AUC
UAU,UAC,UAC,UAC
CAA,CAG,CAG,CAG
ACU,ACG,ACC,ACC
UCU,AGC,AGC,AGC
AAC,AAC,AAC,AAC
UUU,UUC,UUC,UUC
AGA,CGG,CGG,CGG
GUC,GUG,GUG,GUG
CAA,CAG,CAG,CAG
CCA,CCC,CCC,CCC
ACA,ACC,ACC,ACC
GAA,GAG,GAA,GAG
UCU,UCC,UCC,AGC
AUU,AUC,AUC,AUC
GUU,GUC,GUG,GUG
AGA,CGC,CGG,CGG
UUU,UUC,UUC,UUC
CCU,CCG,CCC,CCC
AAU,AAC,AAU,AAC
AUU,AUC,AUC,AUC
ACA,ACC,ACC,ACC
AAC,AAC,AAU,AAC
UUG,CUG,CUG,CUG
UGC,UGC,UGC,UGC
CCU,CCC,CCC,CCC
UUU,UUC,UUC,UUC
GGU,GGC,GGC,GGC
GAA,GAG,GAG,GAG
GUU,GUG,GUG,GUG
UUU,UUC,UUC,UUC
AAC,AAC,AAU,AAC
GCC,GCC,GCC,GCC
ACC,ACC,ACC,ACC
AGA,CGG,AGA,CGG
UUU,UUC,UUC,UUC
GCA,GCC,GCC,GCC
UCU,AGC,UCU,AGC
GUU,GUC,GUG,GUG
UAU,UAC,UAC,UAC
GCU,GCC,GCC,GCC
UGG,UGG,UGG,UGG
AAC,AAC,AAC,AAC
AGG,CGC,CGG,CGG
AAG,AAG,AAG,AAG
AGA,CGG,CGG,CGG
AUC,AUC,AUC,AUC
AGC,UCC,AGC,AGC
AAC,AAC,AAU,AAC
UGU,UGC,UGC,UGC
GUU,GUG,GUG,GUG
GCU,GCG,GCC,GCC
GAU,GAC,GAC,GAC
UAU,UAC,UAC,UAC
UCU,AGC,UCC,AGC
GUC,GUG,GUG,GUG
CUA,CUG,CUG,CUG
UAU,UAC,UAC,UAC
AAU,AAC,AAC,AAC
UCC,UCC,UCC,AGC
GCA,GCC,GCC,GCC
UCA,AGC,AGC,AGC
UUU,UUC,UUC,UUC
UCC,UCC,AGC,AGC
ACU,ACG,ACC,ACC
UUU,UUC,UUC,UUC
AAG,AAG,AAG,AAG
UGU,UGC,UGC,UGC
UAU,UAC,UAC,UAC
GGA,GGC,GGC,GGC
GUG,GUC,GUG,GUG
UCU,AGC,UCC,AGC
CCU,CCC,CCU,CCC
ACU,ACC,ACC,ACC
AAA,AAG,AAG,AAG
UUA,CUC,CUG,CUG
AAU,AAC,AAC,AAC
GAU,GAC,GAC,GAC
CUC,CUG,CUG,CUG
UGC,UGC,UGC,UGC
UUU,UUC,UUC,UUC
ACU,ACC,ACA,ACC
AAU,AAC,AAC,AAC
GUC,GUG,GUG,GUG
UAU,UAC,UAC,UAC
GCA,GCC,GCC,GCC
GAU,GAC,GAC,GAC
UCA,UCC,AGC,AGC
UUU,UUC,UUC,UUC
GUA,GUG,GUG,GUG
AUU,AUC,AUC,AUC
AGA,CGC,CGG,CGU
GGU,GGG,GGA,GGC
GAU,GAC,GAU,GAC
GAA,GAG,GAA,GAG
GUC,GUC,GUG,GUG
AGA,CGG,CGG,CGG
CAA,CAG,CAG,CAG
AUC,AUC,AUU,AUC
GCU,GCC,GCC,GCA
CCA,CCC,CCU,CCC
GGG,GGC,GGA,GGC
CAA,CAG,CAG,CAG
ACU,ACC,ACA,ACA
GGA,GGG,GGC,GGC
AAG,AAG,AAG,AAG
AUU,AUC,AUC,AUC
GCU,GCC,GCC,GCC
GAU,GAC,GAC,GAC
UAU,UAC,UAC,UAC
AAU,AAC,AAC,AAC
UAU,UAC,UAC,UAC
AAA,AAG,AAG,AAG
UUA,CUG,CUG,CUG
CCA,CCG,CCC,CCC
GAU,GAC,GAC,GAC
GAU,GAC,GAC,GAC
UUU,UUC,UUC,UUC
ACA,ACG,ACC,ACC
GGC,GGC,GGC,GGC
UGC,UGC,UGU,UGC
GUU,GUG,GUG,GUG
AUA,AUC,AUU,AUC
GCU,GCG,GCC,GCC
UGG,UGG,UGG,UGG
AAU,AAC,AAC,AAC
UCU,AGC,AGC,AGC
AAC,AAC,AAC,AAC
AAU,AAC,AAC,AAC
CUU,CUC,CUG,CUC
GAU,GAC,GAC,GAC
UCU,UCC,UCC,AGC
AAG,AAG,AAA,AAG
GUU,GUC,GUC,GUG
GGU,GGG,GGC,GGC
GGU,GGC,GGC,GGC
AAU,AAC,AAC,AAC
UAU,UAC,UAC,UAC
AAU,AAC,AAU,AAC
UAC,UAC,UAC,UAC
CUG,CUG,CUG,CUG
UAU,UAC,UAC,UAC
AGA,CGC,CGG,CGG
UUG,CUG,CUG,CUG
UUU,UUC,UUC,UUC
AGG,CGC,CGG,CGG
AAG,AAG,AAG,AAG
UCU,AGC,UCC,AGC
AAU,AAC,AAU,AAC
CUC,CUC,CUG,CUG
AAA,AAG,AAG,AAG
CCU,CCC,CCC,CCC
UUU,UUC,UUC,UUC
GAG,GAG,GAG,GAG
AGA,CGG,CGG,CGG
GAU,GAC,GAC,GAC
AUU,AUC,AUC,AUC
UCA,UCC,UCC,AGC
ACU,ACC,ACC,ACC
GAA,GAG,GAG,GAG
AUC,AUC,AUC,AUC
UAU,UAC,UAU,UAC
CAG,CAG,CAG,CAA
GCC,GCC,GCC,GCC
GGU,GGC,GGC,GGC
AGC,AGC,AGC,UCC
ACA,ACC,ACC,ACC
CCU,CCC,CCU,CCU
UGU,UGC,UGU,UGC
AAU,AAC,AAC,AAC
GGU,GGG,GGC,GGC
GUU,GUG,GUG,GUG
GAA,GAG,GAA,GAG
GGU,GGC,GGC,GGC
UUU,UUC,UUC,UUC
AAU,AAC,AAC,AAC
UGU,UGC,UGC,UGC
UAC,UAC,UAC,UAC
UUU,UUC,UUC,UUC
CCU,CCC,CCA,CCU
UUA,CUG,CUG,CUG
CAA,CAG,CAG,CAG
UCA,UCC,UCC,AGC
UAU,UAC,UAC,UAC
GGU,GGG,GGC,GGC
UUC,UUC,UUU,UUC
CAA,CAG,CAG,CAG
CCC,CCG,CCC,CCC
ACU,ACC,ACA,ACC
AAU,AAC,AAU,AAC
GGU,GGC,GGC,GGC
GUU,GUG,GUG,GUG
GGU,GGG,GGC,GGC
UAC,UAC,UAU,UAC
CAA,CAG,CAG,CAG
CCA,CCC,CCC,CCC
UAC,UAC,UAC,UAC
AGA,CGG,AGA,CGG
GUA,GUG,GUG,GUG
GUA,GUC,GUG,GUG
GUA,GUG,GUG,GUG
CUU,CUG,CUG,CUG
UCU,AGC,AGC,AGC
UUU,UUC,UUC,UUC
GAA,GAG,GAA,GAG
CUU,CUC,CUG,CUG
CUA,CUG,CUG,CUG
CAU,CAC,CAU,CAC
GCA,GCC,GCC,GCC
CCA,CCC,CCU,CCA
GCA,GCC,GCC,GCC
ACU,ACG,ACA,ACC
GUU,GUG,GUG,GUG
UGU,UGC,UGC,UGU
GGA,GGC,GGC,GGC
CCU,CCC,CCU,CCC
AAA,AAG,AAG,AAG
AAG,AAG,AAA,AAG
UCU,UCC,AGC,AGC
ACU,ACC,ACC,ACC
AAU,AAC,AAU,AAC
UUG,CUG,CUC,CUG
GUU,GUC,GUG,GUG
AAA,AAG,AAG,AAG
AAC,AAC,AAC,AAC
AAA,AAG,AAA,AAG
UGU,UGC,UGC,UGC
GUC,GUG,GUG,GUG
AAU,AAC,AAC,AAC
UUC,UUC,UUC,UUC
AAC,AAC,AAC,AAC
UUC,UUC,UUC,UUC
AAU,AAC,AAC,AAC
GGU,GGC,GGC,GGC
UUA,CUC,CUG,CUU
ACA,ACC,ACC,ACC
GGC,GGG,GGC,GGC
ACA,ACC,ACC,ACC
GGU,GGC,GGC,GGC
GUU,GUG,GUG,GUG
CUU,CUG,CUG,CUG
ACU,ACC,ACA,ACC
GAG,GAG,GAG,GAG
UCU,AGC,AGC,AGC
AAC,AAC,AAC,AAC
AAA,AAG,AAG,AAG
AAG,AAG,AAG,AAA
UUU,UUC,UUC,UUC
CUG,CUG,CUG,CUG
CCU,CCG,CCA,CCC
UUC,UUC,UUC,UUU
CAA,CAG,CAG,CAG
CAA,CAG,CAG,CAG
UUU,UUC,UUU,UUC
GGC,GGG,GGC,GGC
AGA,CGC,CGG,CGG
GAC,GAC,GAU,GAC
AUU,AUC,AUC,AUC
GCU,GCC,GCC,GCC
GAC,GAC,GAU,GAC
ACU,ACG,ACC,ACC
ACU,ACC,ACA,ACC
GAU,GAC,GAC,GAC
GCU,GCG,GCC,GCU
GUC,GUC,GUU,GUG
CGU,CGC,AGA,CGG
GAU,GAC,GAU,GAU
CCA,CCC,CCC,CCC
CAG,CAG,CAG,CAG
ACA,ACC,ACA,ACC
CUU,CUG,CUG,CUG
GAG,GAG,GAA,GAG
AUU,AUC,AUC,AUC
CUU,CUC,CUG,CUG
GAC,GAC,GAC,GAC
AUU,AUC,AUC,AUC
ACA,ACC,ACC,ACC
CCA,CCC,CCU,CCU
UGU,UGC,UGC,UGC
UCU,AGC,AGC,AGC
UUU,UUC,UUC,UUC
GGU,GGC,GGC,GGC
GGU,GGG,GGA,GGC
GUC,GUG,GUG,GUG
AGU,UCC,UCU,AGC
GUU,GUG,GUG,GUG
AUA,AUC,AUC,AUC
ACA,ACG,ACC,ACC
CCA,CCG,CCU,CCA
GGA,GGC,GGC,GGC
ACA,ACC,ACC,ACC
AAU,AAC,AAC,AAC
ACU,ACC,ACC,ACC
UCU,AGC,AGC,AGC
AAC,AAC,AAU,AAC
CAG,CAG,CAG,CAG
GUU,GUC,GUG,GUG
GCU,GCC,GCA,GCC
GUU,GUG,GUG,GUG
CUU,CUG,CUG,CUG
UAU,UAC,UAC,UAC
CAG,CAG,CAG,CAG
GAU,GAC,GAC,GAC
GUU,GUG,GUG,GUG
AAC,AAC,AAC,AAC
UGC,UGC,UGU,UGC
ACA,ACC,ACC,ACC
GAA,GAG,GAA,GAG
GUC,GUC,GUG,GUG
CCU,CCC,CCC,CCC
GUU,GUG,GUG,GUG
GCU,GCC,GCC,GCC
AUU,AUC,AUU,AUC
CAU,CAC,CAC,CAC
GCA,GCC,GCC,GCC
GAU,GAC,GAU,GAC
CAA,CAG,CAG,CAG
CUU,CUG,CUG,CUG
ACU,ACG,ACA,ACA
CCU,CCC,CCU,CCC
ACU,ACC,ACA,ACC
UGG,UGG,UGG,UGG
CGU,CGG,CGG,CGG
GUU,GUG,GUG,GUC
UAU,UAC,UAC,UAC
UCU,UCC,UCC,AGC
ACA,ACC,ACC,ACC
GGU,GGC,GGC,GGC
UCU,AGC,AGC,AGC
AAU,AAC,AAU,AAC
GUU,GUC,GUG,GUG
UUU,UUC,UUU,UUC
CAA,CAG,CAG,CAG
ACA,ACC,ACC,ACC
CGU,CGC,AGA,CGG
GCA,GCC,GCC,GCC
GGC,GGG,GGC,GGU
UGU,UGC,UGU,UGC
UUA,CUC,CUG,CUG
AUA,AUC,AUC,AUC
GGG,GGC,GGA,GGC
GCU,GCG,GCC,GCC
GAA,GAG,GAG,GAG
CAU,CAC,CAC,CAC
GUC,GUG,GUG,GUG
AAC,AAC,AAC,AAC
AAC,AAC,AAU,AAC
UCA,UCC,AGC,AGC
UAU,UAC,UAC,UAC
GAG,GAG,GAG,GAG
UGU,UGC,UGC,UGC
GAC,GAC,GAC,GAC
AUA,AUC,AUC,AUC
CCC,CCC,CCC,CCC
AUU,AUC,AUC,AUC
GGU,GGG,GGC,GGC
GCA,GCC,GCU,GCC
GGU,GGC,GGA,GGC
AUA,AUC,AUC,AUC
UGC,UGC,UGC,UGU
GCU,GCC,GCC,GCC
AGU,AGC,AGC,AGC
UAU,UAC,UAC,UAC
CAG,CAG,CAG,CAG
ACU,ACG,ACA,ACC
CAG,CAG,CAG,CAG
ACU,ACC,ACA,ACC
AAU,AAC,AAC,AAU
UCU,UCC,AGC,UCA
CCU,CCG,CCU,CCC
CGG,CGG,CGG,CGG
CGG,CGC,AGA,AGG
GCA,GCC,GCC,GCA
CGU,CGG,AGA,AGG
AGU,AGC,AGC,AGC
GUA,GUG,GUG,GUG
GCU,GCG,GCC,GCC
AGU,UCC,AGC,AGC
CAA,CAG,CAG,CAG
UCC,AGC,AGC,AGC
AUC,AUC,AUC,AUC
AUU,AUC,AUU,AUC
GCC,GCC,GCC,GCC
UAC,UAC,UAC,UAC
ACU,ACC,ACA,ACC
AUG,AUG,AUG,AUG
UCA,UCC,UCU,AGC
CUU,CUG,CUG,CUG
GGU,GGC,GGC,GGC
GCA,GCC,GCC,GCC
GAA,GAG,GAG,GAG
AAU,AAC,AAC,AAC
UCA,AGC,AGC,AGC
GUU,GUC,GUG,GUG
GCU,GCC,GCC,GCC
UAC,UAC,UAC,UAC
UCU,UCC,UCC,AGC
AAU,AAC,AAC,AAC
AAC,AAC,AAC,AAC
UCU,AGC,UCU,AGC
AUU,AUC,AUC,AUC
GCC,GCC,GCU,GCC
AUA,AUC,AUC,AUC
CCC,CCC,CCC,CCC
ACA,ACC,ACC,ACC
AAU,AAC,AAC,AAC
UUU,UUC,UUC,UUC
ACU,ACG,ACC,ACC
AUU,AUC,AUC,AUC
AGU,UCC,AGC,AGC
GUU,GUG,GUG,GUG
ACC,ACC,ACC,ACC
ACA,ACC,ACA,ACC
GAA,GAG,GAG,GAG
AUU,AUC,AUC,AUU
CUA,CUG,CUG,CUG
CCA,CCC,CCU,CCC
GUG,GUG,GUG,GUG
UCU,AGC,UCC,AGC
AUG,AUG,AUG,AUG
ACC,ACC,ACC,ACC
AAG,AAG,AAG,AAG
ACA,ACG,ACC,ACC
UCA,AGC,AGC,AGC
GUA,GUC,GUG,GUG
GAU,GAC,GAC,GAC
UGU,UGC,UGC,UGC
ACA,ACC,ACC,ACC
AUG,AUG,AUG,AUG
UAC,UAC,UAC,UAC
AUU,AUC,AUC,AUC
UGU,UGC,UGC,UGC
GGU,GGG,GGC,GGC
GAU,GAC,GAU,GAC
UCA,UCC,UCC,AGC
ACU,ACC,ACC,ACC
GAA,GAG,GAG,GAG
UGC,UGC,UGC,UGC
AGC,AGC,UCC,AGC
AAU,AAC,AAC,AAC
CUU,CUC,CUG,CUG
UUG,CUG,CUG,CUG
UUG,CUG,CUG,CUG
CAA,CAG,CAG,CAG
UAU,UAC,UAC,UAC
GGC,GGC,GGC,GGC
AGU,UCC,AGC,AGC
UUU,UUC,UUC,UUC
UGU,UGC,UGC,UGC
ACA,ACC,ACC,ACC
CAA,CAG,CAG,CAG
UUA,CUC,CUG,CUG
AAC,AAC,AAU,AAC
CGU,CGC,AGA,CGG
GCU,GCG,GCC,GCC
UUA,CUG,CUG,CUG
ACU,ACG,ACA,ACC
GGA,GGG,GGG,GGC
AUA,AUC,AUC,AUC
GCU,GCC,GCC,GCC
GUU,GUG,GUG,GUG
GAA,GAG,GAA,GAG
CAA,CAG,CAG,CAG
GAC,GAC,GAC,GAC
AAA,AAG,AAG,AAG
AAC,AAC,AAC,AAC
ACC,ACC,ACC,ACC
CAA,CAG,CAA,CAG
GAA,GAG,GAG,GAG
GUU,GUG,GUG,GUG
UUU,UUC,UUC,UUC
GCA,GCC,GCC,GCC
CAA,CAG,CAA,CAG
GUC,GUC,GUG,GUG
AAA,AAG,AAG,AAG
CAA,CAG,CAG,CAG
AUU,AUC,AUC,AUC
UAC,UAC,UAC,UAC
AAA,AAG,AAG,AAG
ACA,ACG,ACC,ACC
CCA,CCC,CCU,CCU
CCA,CCG,CCU,CCC
AUU,AUC,AUC,AUC
AAA,AAG,AAG,AAG
GAU,GAC,GAC,GAC
UUU,UUC,UUC,UUC
GGU,GGC,GGC,GGC
GGU,GGG,GGC,GGC
UUU,UUC,UUC,UUC
AAU,AAC,AAU,AAC
UUU,UUC,UUC,UUC
UCA,AGC,AGC,AGC
CAA,CAG,CAG,CAG
AUA,AUC,AUU,AUC
UUA,CUG,CUG,CUG
CCA,CCC,CCC,CCC
GAU,GAC,GAU,GAC
CCA,CCC,CCU,CCC
UCA,UCC,AGC,AGC
AAA,AAG,AAG,AAG
CCA,CCC,CCC,CCC
AGC,AGC,AGC,AGC
AAG,AAG,AAG,AAG
AGG,CGG,CGG,CGG
UCA,UCC,AGC,AGC
UUU,UUC,UUC,UUC
AUU,AUC,AUC,AUC
GAA,GAG,GAG,GAG
GAU,GAC,GAC,GAC
CUA,CUC,CUG,CUG
CUU,CUG,CUG,CUG
UUC,UUC,UUC,UUC
AAC,AAC,AAC,AAC
AAA,AAG,AAA,AAG
GUG,GUG,GUG,GUG
ACA,ACC,ACA,ACC
CUU,CUG,CUG,CUA
GCA,GCC,GCC,GCC
GAU,GAC,GAC,GAC
GCU,GCC,GCC,GCC
GGC,GGC,GGC,GGC
UUC,UUC,UUC,UUC
AUC,AUC,AUC,AUC
AAA,AAG,AAG,AAG
CAA,CAG,CAG,CAG
UAU,UAC,UAU,UAC
GGU,GGC,GGC,GGC
GAU,GAC,GAU,GAC
UGC,UGC,UGU,UGC
CUU,CUC,CUG,CUC
GGU,GGG,GGC,GGC
GAU,GAC,GAC,GAC
AUU,AUC,AUU,AUA
GCU,GCG,GCC,GCC
GCU,GCC,GCC,GCC
AGA,CGC,AGG,CGG
GAC,GAC,GAU,GAC
CUC,CUG,CUG,CUG
AUU,AUC,AUU,AUC
UGU,UGC,UGC,UGC
GCA,GCC,GCC,GCC
CAA,CAG,CAG,CAG
AAG,AAG,AAG,AAG
UUU,UUC,UUU,UUC
AAC,AAC,AAC,AAC
GGC,GGC,GGA,GGC
CUU,CUG,CUG,CUG
ACU,ACC,ACA,ACC
GUU,GUG,GUG,GUG
UUG,CUC,CUG,CUG
CCA,CCG,CCU,CCU
CCU,CCC,CCU,CCC
UUG,CUG,CUG,CUG
CUC,CUG,CUG,CUG
ACA,ACC,ACC,ACC
GAU,GAC,GAU,GAC
GAA,GAG,GAG,GAG
AUG,AUG,AUG,AUG
AUU,AUC,AUC,AUC
GCU,GCC,GCC,GCC
CAA,CAG,CAG,CAG
UAC,UAC,UAC,UAC
ACU,ACC,ACA,ACC
UCU,AGC,UCU,AGC
GCA,GCC,GCC,GCC
CUG,CUC,CUG,CUG
UUA,CUG,CUG,UUA
GCG,GCG,GCC,GCC
GGU,GGG,GGC,GGA
ACA,ACC,ACA,ACC
AUC,AUC,AUC,AUC
ACU,ACG,ACA,ACC
UCU,UCC,AGC,AGC
GGU,GGC,GGC,GGC
UGG,UGG,UGG,UGG
ACC,ACC,ACA,ACU
UUU,UUC,UUU,UUC
GGU,GGG,GGA,GGC
GCA,GCC,GCA,GCU
GGU,GGC,GGC,GGA
GCU,GCC,GCC,GCC
GCA,GCC,GCU,GCU
UUA,CUG,CUG,CUG
CAA,CAG,CAG,CAG
AUA,AUC,AUC,AUC
CCA,CCC,CCC,CCC
UUU,UUC,UUU,UUC
GCU,GCG,GCU,GCC
AUG,AUG,AUG,AUG
CAA,CAG,CAG,CAG
AUG,AUG,AUG,AUG
GCU,GCC,GCC,GCC
UAU,UAC,UAC,UAC
AGG,CGG,CGG,CGG
UUU,UUC,UUC,UUC
AAU,AAC,AAC,AAC
GGU,GGC,GGC,GGC
AUU,AUC,AUC,AUC
GGA,GGG,GGA,GGC
GUU,GUC,GUG,GUG
ACA,ACC,ACC,ACC
CAG,CAG,CAG,CAG
AAU,AAC,AAU,AAC
GUU,GUG,GUG,GUG
CUC,CUC,CUG,CUG
UAU,UAC,UAC,UAC
GAG,GAG,GAG,GAG
AAC,AAC,AAC,AAC
CAA,CAG,CAG,CAG
AAA,AAG,AAG,AAG
UUG,CUG,CUG,CUG
AUU,AUC,AUC,AUC
GCC,GCC,GCC,GCC
AAC,AAC,AAC,AAC
CAA,CAG,CAG,CAG
UUU,UUC,UUC,UUC
AAU,AAC,AAC,AAC
AGU,AGC,AGC,AGC
GCU,GCC,GCC,GCC
AUU,AUC,AUC,AUC
GGC,GGC,GGC,GGC
AAA,AAG,AAG,AAG
AUU,AUC,AUC,AUC
CAA,CAG,CAG,CAG
GAC,GAC,GAC,GAC
UCA,UCC,AGC,AGC
CUU,CUG,CUG,CUG
UCU,AGC,AGC,AGC
UCC,UCC,AGC,AGC
ACA,ACC,ACA,ACC
GCA,GCC,GCA,GCU
AGU,AGC,AGC,AGC
GCA,GCG,GCC,GCC
CUU,CUC,CUG,CUG
GGA,GGG,GGA,GGC
AAA,AAG,AAG,AAG
CUU,CUG,CUG,CUG
CAA,CAG,CAG,CAG
GAU,GAC,GAC,GAC
GUG,GUG,GUG,GUG
GUC,GUC,GUC,GUG
AAC,AAC,AAC,AAC
CAA,CAG,CAG,CAG
AAU,AAC,AAU,AAC
GCA,GCC,GCC,GCC
CAA,CAG,CAG,CAG
GCU,GCC,GCA,GCC
UUA,CUG,CUG,CUG
AAC,AAC,AAC,AAC
ACG,ACG,ACC,ACC
CUU,CUC,CUG,CUG
GUU,GUG,GUC,GUG
AAA,AAG,AAG,AAG
CAA,CAG,CAG,CAG
CUU,CUG,CUG,CUG
AGC,UCC,UCC,AGC
UCC,AGC,UCC,AGC
AAU,AAC,AAC,AAC
UUU,UUC,UUC,UUC
GGU,GGC,GGC,GGC
GCA,GCC,GCC,GCC
AUU,AUC,AUC,AUC
UCA,UCC,AGC,AGC
AGU,AGC,UCU,AGC
GUU,GUG,GUG,GUG
UUA,CUG,CUG,CUG
AAU,AAC,AAC,AAC
GAU,GAC,GAU,GAC
AUC,AUC,AUC,AUC
CUU,CUC,CUG,CUG
UCA,UCC,AGC,AGC
CGU,CGC,AGA,CGG
CUU,CUG,CUG,CUG
GAC,GAC,GAC,GAC
AAA,CCG,CCU,CCU
GUU,CCC,CCU,CCC
GAG,GAG,GAG,GAG
GCU,GCC,GCC,GCC
GAA,GAG,GAG,GAG
GUG,GUG,GUG,GUG
CAA,CAG,CAG,CAG
AUU,AUC,AUC,AUC
GAU,GAC,GAC,GAC
AGG,CGG,AGA,CGG
UUG,CUG,CUG,CUG
AUC,AUC,AUC,AUC
ACA,ACC,ACA,ACU
GGC,GGG,GGC,GGC
AGA,CGC,AGA,CGG
CUU,CUC,CUG,CUG
CAA,CAG,CAG,CAG
AGU,AGC,AGC,AGC
UUG,CUG,CUC,CUG
CAG,CAG,CAG,CAG
ACA,ACC,ACA,ACC
UAU,UAC,UAC,UAC
GUG,GUG,GUG,GUG
ACU,ACC,ACC,ACC
CAA,CAG,CAG,CAG
CAA,CAG,CAG,CAG
UUA,CUG,CUG,CUG
AUU,AUC,AUC,AUC
AGA,CGG,AGA,CGG
GCU,GCG,GCC,GCC
GCA,GCC,GCC,GCC
GAA,GAG,GAG,GAG
AUC,AUC,AUU,AUU
AGA,CGC,AGA,CGG
GCU,GCC,GCC,GCC
UCU,AGC,UCU,AGC
GCU,GCC,GCC,GCC
AAU,AAC,AAU,AAC
CUU,CUC,CUG,CUG
GCU,GCC,GCC,GCC
GCU,GCG,GCC,GCC
ACU,ACC,ACC,ACC
AAA,AAG,AAG,AAG
AUG,AUG,AUG,AUG
UCA,UCC,UCU,AGC
GAG,GAG,GAG,GAG
UGU,UGC,UGU,UGC
GUA,GUC,GUG,GUG
CUU,CUG,CUG,CUG
GGA,GGC,GGC,GGC
CAA,CAG,CAG,CAG
UCA,AGC,AGC,AGC
AAA,AAG,AAG,AAG
AGA,CGG,AGA,CGG
GUU,GUG,GUG,GUG
GAU,GAC,GAC,GAC
UUU,UUC,UUU,UUC
UGU,UGC,UGC,UGC
GGA,GGC,GGC,GGC
AAG,AAG,AAG,AAG
GGC,GGG,GGC,GGC
UAU,UAC,UAC,UAC
CAU,CAC,CAC,CAC
CUU,CUG,CUG,CUG
AUG,AUG,AUG,AUG
UCC,UCC,AGC,AGC
UUC,UUC,UUC,UUU
CCU,CCC,CCU,CCC
CAG,CAG,CAG,CAG
UCA,AGC,UCU,AGC
GCA,GCC,GCC,GCA
CCU,CCG,CCU,CCC
CAU,CAC,CAC,CAC
GGU,GGC,GGC,GGA
GUA,GUG,GUG,GUG
GUC,GUC,GUG,GUG
UUC,UUC,UUU,UUC
UUG,CUC,CUG,CUG
CAU,CAC,CAC,CAC
GUG,GUG,GUG,GUG
ACU,ACG,ACA,ACC
UAU,UAC,UAU,UAC
GUC,GUC,GUG,GUG
CCU,CCC,CCC,CCC
GCA,GCC,GCU,GCC
CAA,CAG,CAA,CAG
GAA,GAG,GAG,GAG
AAG,AAG,AAG,AAG
AAC,AAC,AAU,AAC
UUC,UUC,UUC,UUC
ACA,ACC,ACC,ACC
ACU,ACC,ACC,ACC
GCU,GCC,GCU,GCC
CCU,CCC,CCA,CCA
GCC,GCG,GCC,GCC
AUU,AUC,AUC,AUC
UGU,UGC,UGC,UGC
CAU,CAC,CAC,CAC
GAU,GAC,GAC,GAC
GGA,GGG,GGC,GGC
AAA,AAG,AAA,AAG
GCA,GCC,GCC,GCC
CAC,CAC,CAC,CAC
UUU,UUC,UUU,UUU
CCU,CCC,CCU,CCC
CGU,CGC,AGA,CGG
GAA,GAG,GAA,GAG
GGU,GGC,GGC,GGC
GUC,GUG,GUG,GUG
UUU,UUC,UUC,UUC
GUU,GUG,GUG,GUG
UCA,UCC,UCC,AGC
AAU,AAC,AAC,AAC
GGC,GGG,GGC,GGC
ACA,ACC,ACC,ACC
CAC,CAC,CAU,CAC
UGG,UGG,UGG,UGG
UUU,UUC,UUC,UUC
GUA,GUC,GUG,GUG
ACA,ACG,ACA,ACC
CAA,CAG,CAG,CAG
AGG,CGG,CGG,CGG
AAU,AAC,AAC,AAC
UUU,UUC,UUC,UUC
UAU,UAC,UAC,UAC
GAA,GAG,GAG,GAG
CCA,CCG,CCC,CCC
CAA,CAG,CAG,CAG
AUC,AUC,AUC,AUC
AUU,AUC,AUC,AUC
ACU,ACC,ACC,ACC
ACA,ACC,ACC,ACC
GAC,GAC,GAC,GAC
AAC,AAC,AAC,AAC
ACA,ACC,ACC,ACC
UUU,UUC,UUC,UUC
GUG,GUG,GUG,GUG
UCU,AGC,UCU,AGC
GGU,GGC,GGC,GGC
AAC,AAC,AAC,AAC
UGU,UGC,UGC,UGC
GAU,GAC,GAC,GAC
GUU,GUG,GUC,GUG
GUA,GUC,GUG,GUG
AUA,AUC,AUC,AUC
GGA,GGC,GGC,GGC
AUU,AUC,AUU,AUC
GUC,GUG,GUG,GUG
AAC,AAC,AAC,AAC
AAC,AAC,AAU,AAC
ACA,ACG,ACC,ACC
GUU,GUG,GUG,GUG
UAU,UAC,UAC,UAC
GAU,GAC,GAC,GAU
CCU,CCC,CCU,CCC
UUG,CUG,CUG,CUG
CAA,CAG,CAG,CAG
CCU,CCC,CCC,CCC
GAA,GAG,GAG,GAG
UUA,CUG,CUG,CUG
GAC,GAC,GAC,GAC
UCA,UCC,AGC,AGC
UUC,UUC,UUC,UUC
AAG,AAG,AAA,AAG
GAG,GAG,GAG,GAG
GAG,GAG,GAA,GAG
UUA,CUC,CUG,CUG
GAU,GAC,GAC,GAC
AAA,AAG,AAG,AAG
UAU,UAC,UAC,UAC
UUU,UUC,UUU,UUC
AAG,AAG,AAG,AAG
AAU,AAC,AAC,AAU
CAU,CAC,CAC,CAC
ACA,ACC,ACA,ACC
UCA,AGC,AGC,AGC
CCA,CCC,CCC,CCC
GAU,GAC,GAC,GAC
GUU,GUC,GUG,GUG
GAU,GAC,GAC,GAC
UUA,CUG,CUG,CUG
GGU,GGG,GGC,GGC
GAC,GAC,GAU,GAC
AUC,AUC,AUC,AUC
UCU,UCC,AGC,AGC
GGC,GGC,GGA,GGC
AUU,AUC,AUC,AUC
AAU,AAC,AAU,AAC
GCU,GCC,GCC,GCC
UCA,AGC,AGC,AGC
GUU,GUG,GUC,GUG
GUA,GUG,GUG,GUG
AAC,AAC,AAC,AAC
AUU,AUC,AUC,AUC
CAA,CAG,CAG,CAG
AAA,AAG,AAA,AAG
GAA,GAG,GAG,GAG
AUU,AUC,AUC,AUC
GAC,GAC,GAC,GAU
CGC,CGC,CGG,CGG
CUC,CUG,CUG,CUG
AAU,AAC,AAC,AAC
GAG,GAG,GAG,GAG
GUU,GUC,GUG,GUG
GCC,GCC,GCC,GCC
AAG,AAG,AAG,AAG
AAU,AAC,AAU,AAC
UUA,CUC,CUG,CUG
AAU,AAC,AAC,AAC
GAA,GAG,GAG,GAG
UCU,UCC,AGC,AGC
CUC,CUG,CUG,CUG
AUC,AUC,AUC,AUC
GAU,GAC,GAC,GAC
CUC,CUG,CUG,CUG
CAA,CAG,CAA,CAG
GAA,GAG,GAA,GAG
CUU,CUC,CUG,CUG
GGA,GGG,GGG,GGC
AAG,AAG,AAG,AAG
UAU,UAC,UAC,UAC
GAG,GAG,GAG,GAG
CAG,CAG,CAG,CAG
UAU,UAC,UAC,UAC
AUA,AUC,AUC,AUC
AAA,AAG,AAG,AAG
UGG,UGG,UGG,UGG
CCA,CCG,CCC,CCC
UGG,UGG,UGG,UGG
UAC,UAC,UAC,UAC
AUU,AUC,AUC,AUC
UGG,UGG,UGG,UGG
CUA,CUG,CUG,CUG
GGU,GGC,GGC,GGC
UUU,UUC,UUU,UUC
AUA,AUC,AUC,AUC
GCU,GCC,GCC,GCC
GGC,GGC,GGA,GGC
UUG,CUG,CUG,CUG
AUU,AUC,AUU,AUC
GCC,GCG,GCC,GCC
AUA,AUC,AUC,AUC
GUA,GUG,GUG,GUG
AUG,AUG,AUG,AUG
GUG,GUG,GUC,GUG
ACA,ACC,ACA,ACC
AUU,AUC,AUC,AUC
AUG,AUG,AUG,AUG
CUU,CUC,CUG,CUG
UGC,UGC,UGU,UGC
UGU,UGC,UGC,UGC
AUG,AUG,AUG,AUG
ACC,ACC,ACC,ACC
AGU,AGC,AGC,AGC
UGC,UGC,UGC,UGC
UGU,UGC,UGU,UGC
AGU,UCC,AGC,AGC
UGU,UGC,UGC,UGC
CUC,CUG,CUG,CUG
AAG,AAG,AAG,AAG
GGC,GGG,GGC,GGC
UGU,UGC,UGU,UGU
UGU,UGC,UGU,UGC
UCU,AGC,AGC,AGC
UGU,UGC,UGU,UGC
GGA,GGC,GGC,GGC
UCC,UCC,AGC,AGC
UGC,UGC,UGC,UGC
UGC,UGC,UGC,UGC
AAA,AAG,AAG,AAG
UUU,UUC,UUC,UUC
GAU,GAC,GAC,GAC
GAA,GAG,GAG,GAG
GAC,GAC,GAC,GAC
GAC,GAC,GAU,GAC
UCU,AGC,UCU,AGC
GAG,GAG,GAG,GAG
CCA,CCC,CCC,CCC
GUG,GUC,GUG,GUG
CUC,CUG,CUG,CUG
AAA,AAG,AAG,AAG
GGA,GGG,GGC,GGC
GUC,GUG,GUG,GUG
AAA,AAG,AAA,AAG
UUA,CUC,CUG,CUG
CAU,CAC,CAC,CAC
UAC,UAC,UAC,UAC
ACA,ACG,ACA,ACC
UAA,UGA,UGA,UGA
